ticker,price,history_days,ret_5,ret_10,ret_20,ret_60,ret_120,ret_252,above_ma_20,above_ma_60,above_ma_120,avg_turnover_20,volume_ratio_5,volume_ratio_20,breakout_60,distance_to_high_60,breakout_120,momentum_shift_5_20,momentum_shift_20_60,volatility_20,max_drawdown_60,breakout_momentum_score,volume_surge_score,breakout_price_score,momentum_shift_score,breakout_score,code,name,market,lot_cost
2466.TW,198.5,487,0.5447470817120623,0.7186147186147187,1.0131846153334272,0.8904761904761904,2.165869179978206,1.7918425353025826,0.5886354541816727,0.8292121068824392,1.380405132012151,381799100.0,2.9121998502118,1.5369672077074097,0.09972299168975063,0.09972299168975063,0.09972299168975063,0.2914509278787055,0.7163592185080303,0.757488240796171,-0.264754123375064,98.82458233890216,84.80310262529832,99.92840095465394,99.83890214797137,95.69212410501194,2466,冠西電,TWSE,198500.0
2340.TW,52.900001525878906,487,0.20638548156618164,0.5513197622582113,0.6352396915318905,0.4859551627322063,0.6377709837584831,0.9028778049517792,0.38608678043538647,0.5598201861725995,0.4821560397026714,787793288.7296847,6.211819211482272,5.235370419605239,0.051689907122358436,0.051689907122358436,0.051689907122358436,0.04757555868320901,0.4732546372878218,0.7252189937226448,-0.30513176790005725,94.31980906921241,96.6945107398568,98.63961813842482,91.46778042959428,95.34964200477326,2340,台亞,TWSE,52900.001525878906
5013.TWO,53.0,487,0.24413149996230077,0.6408669118229753,0.8928571428571428,1.0996098904914273,0.8031533567132578,0.9593831150264085,0.44492913096065667,0.7912377769813908,0.868534581135989,23522437.193914033,6.938922409994242,13.1128984145171,0.00569258506105208,0.00569258506105208,0.00569258506105208,0.02091721424801507,0.5263205126933337,0.8905121687404077,-0.06893202402059317,97.44033412887828,98.65751789976133,94.29594272076372,84.14677804295943,95.1217183770883,5013,強新,TPEx,53000.0
6152.TW,21.0,487,0.35922331775089145,0.3680781418970427,0.5613383121042119,0.6470588235294117,0.2068965781835923,1.1649484961784697,0.31291028211549454,0.4873399033806731,0.46660846791793986,70713903.56499514,7.929306359566937,3.3332284798521497,0.06060610147364853,0.06060610147364853,0.06060610147364853,0.21888873972483847,0.345652037594408,0.6356729247314182,-0.16666665462532415,91.00238663484487,96.04415274463008,98.97374701670645,98.1801909307876,94.9337708830549,6152,百一,TWSE,21000.0
3564.TWO,66.9000015258789,487,0.3117647358015472,0.36530615358936536,0.38796681466689353,0.2767175491939413,0.5764491498738431,0.22916924387251125,0.2883967554333926,0.3860497571961652,0.423212881242117,41495817.9560339,5.577095082956687,2.2954127216311337,0.0842787795565616,0.0842787795565616,0.0842787795565616,0.2147730321348238,0.2957276316022464,0.627118736138952,-0.23506744516868971,90.31622911694511,92.44033412887828,99.4272076372315,97.25536992840097,93.71032219570407,3564,其陽,TPEx,66900.0015258789
3518.TW,49.5,487,0.2267658456479833,0.5348837209302326,0.7010309055363644,0.6981132297694268,0.8299445987481306,1.1568626733962688,0.3522742858115906,0.6170305465970412,0.5741771420000643,203468130.8082428,3.3154504773131843,5.670766635292361,-0.015904557638066863,-0.015904557638066863,-0.015904557638066863,0.051508119263892205,0.46832649561322215,0.6515531687370324,-0.19863017098857483,96.24105011933175,93.41885441527447,86.30071599045347,92.13603818615752,92.93168257756564,3518,柏騰,TWSE,49500.0
4556.TWO,145.0,487,0.3004484304932735,0.7038778213855608,0.8709677419354838,0.20331950207468874,3.4563245751759037,5.290716385290094,0.440922191294183,0.5540709522244021,0.9483433079243033,184734161.87664908,2.478645868399207,5.263294112694309,0.0,0.0,0.0,0.08270649500940258,0.8031945745772542,0.8943880072942461,-0.4996226184772995,92.69689737470168,90.14319809069212,93.06682577565633,95.86515513126493,92.60769689737471,4556,旭然,TPEx,145000.0
6174.TWO,64.0,487,0.28,0.45785871925931954,0.47465432603355007,0.13879002012761865,1.3432708648390639,1.889683942196731,0.3425634495803833,0.39969745889033637,0.4061379301173156,88520689.19248371,6.826730580524729,1.34003185937597,0.05785123966942152,0.05785123966942152,0.015873015873015817,0.1613364184916125,0.4283909859910105,0.8547086998542269,-0.36622070218371006,88.26372315035799,87.81622911694511,98.18615751789977,98.19809069212411,91.62649164677805,6174,安碁,TPEx,64000.0
3147.TWO,308.0,487,0.15140186915887854,0.3275862068965518,0.4128440366972477,0.42563869889088113,0.9460405839041115,0.7286354732608191,0.23993558776167467,0.33743485005683627,0.35889346300490277,293622130.525,3.621849118841524,3.0826732237932934,0.04406779661016946,0.04406779661016946,-0.0937011494252874,0.048190859984566625,0.27096447040028726,0.4915462211171885,-0.18443722033155852,93.29952267303103,91.93914081145584,85.60859188544153,89.18257756563246,90.80369928400955,3147,大綜,TPEx,308000.0
6672.TW,555.0,487,0.3686806411837238,0.8377483443708609,0.8877551020408163,1.1223709369024855,2.153409090909091,4.5338521390714215,0.5521219324617215,0.9319467409276827,1.139655920196617,2639622530.875,1.149117333414223,1.4320318120650666,0.0990099009900991,0.0990099009900991,0.0990099009900991,0.1467418656735197,0.5136314564066544,0.7448048730279807,-0.3246268656716418,98.97374701670645,63.17422434367542,99.68973747016707,98.21599045346062,90.05340095465395,6672,騰輝電子-KY,TWSE,555000.0
