ticker,price,history_days,ret_5,ret_10,ret_20,ret_60,ret_120,ret_252,above_ma_20,above_ma_60,above_ma_120,avg_turnover_20,volume_ratio_5,volume_ratio_20,breakout_60,distance_to_high_60,breakout_120,momentum_shift_5_20,momentum_shift_20_60,volatility_20,max_drawdown_60,ignition_short_momentum,ignition_volume,ignition_shift,ignition_price_position,late_chase_penalty,ignition_score,volume_surge_flag,early_price_flag,early_stage_flag,near_high_flag,not_extended_flag,momentum_shift_flag,breakout_flag,ignition_qualified,ignition_signal_count,code,name,market,lot_cost
6120.TW,15.25,485,0.19140623224666364,0.27083333333333326,0.20553363319166684,0.08540923793413646,0.062164461493743106,0.40963961099380364,0.1974872363030613,0.1798839472923599,0.14019257361164406,73459459.58414516,5.762421045898246,3.5999456924071627,0.03389830508474567,0.03389830508474567,-0.03679497707485668,0.14002282394874693,0.17706388721362135,0.46031651321330896,-0.1944443966135554,91.96149217809868,98.19494584837545,91.68471720818292,96.51022864019254,5.712498579733092,88.73214642628376,True,True,True,True,True,True,True,True,7,6120,達運,TWSE,15250.0
2032.TW,20.049999237060547,485,0.14245014864278271,0.207831251584909,0.16231879635133595,0.21884488189396345,0.22596881748997188,0.40051356287894446,0.1338894029025246,0.1858057783536129,0.18492892143393913,36280042.64757232,20.722533875395637,2.9969812738924597,-0.01231527139880817,-0.01231527139880817,-0.01231527139880817,0.10187044955494873,0.08937050238668147,0.41058366628673026,-0.07002800970792344,87.56919374247893,99.87966305655837,82.89410348977137,86.64259927797833,1.7960118914226175,88.15856091242816,True,True,True,True,True,True,False,True,6,2032,新鋼,TWSE,20049.999237060547
1809.TW,47.54999923706055,485,0.1527272542317708,0.27479893323471716,0.23506491524832596,-0.03432779787376128,0.7954618195185175,1.453797831790213,0.1829829536936034,0.2030011701323169,0.16345945165425868,219492703.27451077,9.518040487273819,2.8457698514564242,-0.03432779787376128,-0.03432779787376128,-0.19716345338533425,0.09396102541968931,0.24650751453957973,0.5575185002474938,-0.38297482791258,91.48616125150423,99.51865222623346,89.63297232250301,73.52587244283995,2.6181803385416647,88.12038765183138,True,True,True,True,True,True,False,True,6,1809,中釉,TWSE,47549.99923706055
4772.TWO,281.5,485,0.1489795918367347,0.1729166666666666,0.099609375,0.02550091074681249,-0.03390135483507439,-0.07020895167334207,0.12757861005407567,0.12984146096728866,0.040056246433108456,238320326.2,5.091387176805472,1.5232201527293832,0.02550091074681249,0.02550091074681249,-0.12992027202065204,0.1240772480867347,0.09110907141772917,0.48149643017326993,-0.23475046210720885,84.22984356197352,97.352587244284,85.5655836341757,95.4271961492178,2.3183673469387767,87.86183722586509,True,True,True,True,True,True,True,True,7,4772,台特化,TPEx,281500.0
4566.TW,75.80000305175781,485,0.1213018456024948,0.18252737685103582,0.15548787827579869,0.21086269807328528,0.06460683006573076,0.3770438816521464,0.13456074277620167,0.11703307843407251,0.13518375296248242,122533060.96805878,5.2228745652372615,0.5802315277792914,-0.006553079685473029,-0.006553079685473029,-0.006553079685473029,0.08242987603354512,0.08520031225137026,0.45667389831298133,-0.1782437974424831,84.84356197352588,97.59326113116727,79.7352587244284,88.4476534296029,0.104147648199584,87.82786197875589,True,True,True,True,True,True,False,True,6,4566,時碩工業,TWSE,75800.00305175781
4768.TWO,374.5,485,0.13829787234042556,0.19648562300319483,0.25671140939597326,0.14120203990668112,-0.2260680935074213,0.8281125644289438,0.17058685629444392,0.20358794693610727,0.004460515093864803,234307429.725,4.563159914558579,1.945909387694114,-0.014473684210526305,-0.014473684210526305,-0.2915214775241549,0.07412001999143225,0.2096440627604129,0.6102410090440903,-0.29427791013012117,88.53790613718411,96.14921780986762,85.06618531889289,85.67990373044525,1.6987291160931095,87.82593995731243,True,True,True,True,True,True,False,True,6,4768,晶呈科技,TPEx,374500.0
3042.TW,230.5,485,0.16414141414141414,0.24258760107816713,0.28055555555555545,0.11893203883495151,0.8157151170544161,1.6390023603500325,0.21957671957671954,0.2778342418922666,0.27444727241980726,3465161562.025,2.9904858733839226,1.0310445139102533,0.05491990846681927,0.05491990846681927,-0.07429718875502012,0.09400252525252528,0.2409115426105716,0.5280111280071415,-0.3175,91.78098676293621,91.93742478941034,89.50060168471721,98.31528279181708,4.600757575757573,87.63720872989826,True,True,True,True,True,True,True,True,7,3042,晶技,TWSE,230500.0
3031.TW,32.79999923706055,485,0.1590106049934792,0.35257728812620814,0.3306287928866185,0.07237699058269365,0.09475403591035225,0.6675592111100499,0.22353815699755653,0.3150265377593806,0.19695480619372696,98558642.96093054,4.022994605314172,4.791235251919217,0.04959997558593754,0.04959997558593754,-0.011548173777972015,0.07635340677182456,0.30650312935905394,0.6194543054438603,-0.3377711152304572,94.04933814681107,95.54753309265945,87.8098676293622,98.19494584837545,5.942856150509983,87.61791400592803,True,True,True,True,True,True,True,True,7,3031,佰鴻,TWSE,32799.99923706055
6122.TWO,63.900001525878906,485,0.15760870729517307,0.25048930399166647,0.3121150005095401,0.3204702263994059,0.36518737563275705,0.3597699552974971,0.18696017932953057,0.28869188711072713,0.34802617216656495,58528223.92420502,4.797171485884686,5.543383032712172,0.025682220038721226,0.025682220038721226,0.025682220038721226,0.07957995716778804,0.20529159170973815,0.347267660220741,-0.08097925085110946,91.91335740072202,96.75090252707581,86.2274368231047,95.54753309265945,5.182721601447749,87.30554554656669,True,True,True,True,True,True,True,True,7,6122,擎邦,TPEx,63900.001525878906
6691.TW,741.0,485,0.1470588235294117,0.19902912621359214,0.22075782537067545,0.17856200521301013,0.35043571290800735,0.893644642465808,0.1544753447067071,0.1825777209184618,0.2152558971749925,467319381.35,2.779048372194196,0.9500358527223302,0.01091405184174632,0.01091405184174632,0.01091405184174632,0.09186936718674282,0.16123715696633875,0.47617329351844084,-0.19496015384289656,88.25511432009627,90.97472924187726,85.80024067388688,93.7424789410349,2.1647058823529353,87.11567919586608,True,True,True,True,True,True,True,True,7,6691,洋基工程,TWSE,741000.0
