ticker,price,history_days,ret_5,ret_10,ret_20,ret_60,ret_120,ret_252,above_ma_20,above_ma_60,above_ma_120,avg_turnover_20,volume_ratio_5,volume_ratio_20,breakout_60,distance_to_high_60,breakout_120,momentum_shift_5_20,momentum_shift_20_60,volatility_20,max_drawdown_60,momentum_score,trend_score,liquidity_score,risk_score,score,code,name,market,lot_cost
3441.TWO,184.5,485,0.03943661971830981,0.14953271028037385,0.3566176470588236,1.3354430379746836,5.185402200207346,4.480048789027115,0.13555931681797206,0.6614137756752843,1.240080769977003,2163813750.775,0.05795094022180503,0.6834438848539565,-0.04155844155844157,-0.04155844155844157,-0.04155844155844157,-0.04971779204639609,-0.08853003226607092,0.8839564737012372,-0.14266489708532493,98.42073170731706,95.2439024390244,88.65853658536585,39.87804878048781,87.38079268292682,3441,聯一光,TPEx,184500.0
3443.TW,8040.0,485,0.055810899540380765,0.2562500000000001,0.31803278688524594,0.7459283387622151,2.0420446570852078,5.072653123544387,0.1930110917386949,0.4976947794905229,0.6301900809161614,11108685778.5,0.5993963915939293,0.7105770249837228,-0.056891495601173014,-0.056891495601173014,-0.056891495601173014,-0.02369729718093072,0.06939000729784092,0.7112194912788824,-0.2645089285714286,97.51219512195121,96.46341463414633,98.17073170731707,27.317073170731707,86.81951219512193,3443,創意,TWSE,8040000.0
2221.TWO,197.5,485,0.4107142857142858,1.1968853909657278,1.598684210526316,3.1898601600635503,5.1426001772301815,6.157370398961289,0.6993632754289183,1.6727268495083272,2.456251884567275,726145280.3434017,1.0138065637516396,6.412329582421294,0.09722222222222232,0.09722222222222232,0.09722222222222232,0.011043233082706827,0.5353974905051324,0.8591523613081455,-0.2791096340046286,99.66463414634146,100.0,75.85365853658537,21.21951219512195,84.41006097560975,2221,大甲,TPEx,197500.0
3037.TW,1175.0,485,0.1519607843137254,0.21134020618556693,0.1761761761761762,0.28135223555070876,0.8838495656407257,7.291591719477404,0.15969206474536124,0.21436568770993025,0.2683036960069365,20862054008.4,0.6178954106976509,0.9948647609509566,-0.008438818565400852,-0.008438818565400852,-0.008438818565400852,0.10791674026968134,0.08239209765927329,0.5565273208591279,-0.2649572649572649,92.3841463414634,88.78048780487806,99.51219512195122,36.52439024390244,84.1734756097561,3037,欣興,TWSE,1175000.0
2883.TW,38.849998474121094,485,-0.03955506201830017,0.0012886401557654636,0.14771049410305248,0.339655119797279,0.8876066833507943,1.6451329005204598,0.022368375766310455,0.17123902387685663,0.36860507062544356,1737955417.4946873,0.6904386092756742,1.0662912058372884,-0.03955506201830017,-0.03955506201830017,-0.03955506201830017,-0.07648268554406329,0.034492120837292806,0.2665768328398899,-0.06158831750522509,87.40853658536585,76.30081300813009,86.58536585365853,85.0,84.14684959349594,2883,凱基金,TWSE,38849.998474121094
1709.TW,48.400001525878906,485,0.12296991274698388,0.3425798210869908,0.4469357375771166,1.006439922299648,1.7245920687980556,2.0777795654461797,0.24142357232135714,0.5434778810412624,0.9131428003696342,1192088808.0695677,3.1992136340334127,2.3969241994822177,0.0020704407949891923,0.0020704407949891923,0.0020704407949891923,0.011235978352704734,0.1114557634772339,0.9804610791881245,-0.19750895875894192,94.09756097560975,97.96747967479673,82.92682926829268,32.25609756097561,84.11321138211382,1709,和益,TWSE,48400.001525878906
3653.TW,6800.0,485,0.17443868739205537,0.16838487972508598,0.1352253756260433,1.0609099338229542,0.6137313632764643,1.9684256275244403,0.1568560734943858,0.4359378359609607,0.5635518793893255,6968114696.25,1.3611889709436773,0.7083392161248326,-0.017341040462427793,-0.017341040462427793,-0.017341040462427793,0.14063234348554454,-0.21841126898160806,0.6710708112227808,-0.1549865229110512,87.34146341463415,94.67479674796748,95.36585365853658,44.9390243902439,84.01808943089429,3653,健策,TWSE,6800000.0
3605.TW,170.5,485,0.008875739644970349,0.34782608695652173,0.22661870503597115,0.9720570098557952,1.6813858805284716,1.3059919347257822,0.19460500963391136,0.48664325820165666,0.7834953660184203,3027858982.9,1.2210704666184429,1.457066427603325,-0.07084468664850141,-0.07084468664850141,-0.07084468664850141,-0.04777893661402244,-0.09740029824929392,0.8942726890964298,-0.17803030303030298,90.10975609756098,96.78861788617887,90.85365853658537,35.30487804878049,83.67032520325203,3605,宏致,TWSE,170500.0
6213.TW,623.0,485,0.14944649446494473,0.20970873786407762,0.13686131386861322,0.5732323232323233,1.901770808954348,4.659760320947194,0.16047313029710342,0.39688708682897667,0.7237873995647495,9029246796.6,1.0748360620573985,0.8736847442782135,0.004838709677419395,0.004838709677419395,0.004838709677419395,0.11523116599779143,-0.054216127208827875,0.6733489467873229,-0.39135959339263027,95.5670731707317,95.08130081300813,96.82926829268293,13.536585365853659,83.3303861788618,6213,聯茂,TWSE,623000.0
2305.TW,68.69999694824219,485,0.1683673101978862,0.5215945653703906,1.2861896403483017,0.6107853338893041,2.8923511860088573,5.1891887015544205,0.46591266412380916,0.8962185214637874,1.3095994181288453,800001987.7968765,0.3242171662865478,3.0115995367434536,-0.005788734221589209,-0.005788734221589209,-0.005788734221589209,-0.15318009988918924,1.082594529051867,0.7124802267826678,-0.3434343181353605,98.46341463414633,99.7560975609756,77.6829268292683,16.15853658536585,83.32378048780488,2305,全友,TWSE,68699.99694824219
